
<?xml version="1.0" encoding="UTF-8" standalone="true"?>

-<addon provider-name="GabyKodi" version="0.0.1" name="[COLOR red]GabyKodi[/COLOR]" id="plugin.program.gabykodi">


-<requires>

<import version="3.0.0" addon="xbmc.python"/>

<import addon="script.module.requests"/>

<import addon="script.module.six"/>

<import version="1.1.7" addon="script.kodi.android.update" optional="true"/>

</requires>


-<extension library="default.py" point="xbmc.python.pluginsource">

<provides>executable</provides>

</extension>

<extension library="startup.py" point="xbmc.service" start="startup"/>


-<extension point="xbmc.addon.metadata">

<summary lang="en">Gaby Wizard</summary>

<description lang="en">Nueva Build</description>

<platform>all</platform>

<reuselanguageinvoker>false</reuselanguageinvoker>


-<assets>

<icon>icon.png</icon>

<fanart>fanart.jpg</fanart>

</assets>

</extension>

</addon>