<?xml version="1.0" encoding="UTF-8" standalone="true"?>

-<addon provider-name="GabyKodi" version="0.0.1" name="GabyKodi Wizard" id="plugin.program.gabyKodi">


-<requires>

<import version="3.0.0" addon="xbmc.python"/>

<import addon="script.module.requests"/>

<import addon="script.module.six"/>

<import version="1.1.7" addon="script.kodi.android.update" optional="true"/>

</requires>


-<extension library="default.py" point="xbmc.python.pluginsource">

<provides>executable</provides>

</extension>


-<extension name="GabyKodi" point="xbmc.addon.repository">


-<dir minversion="18.9.0">

<info compressed="false">https://www.dropbox.com/home/BUILD?preview=plugin.program.gabykodi.zip</info>

<checksum>https://www.dropbox.com/home/BUILD?preview=plugin.program.gabykodi.zip</checksum>

<datadir zip="true">https://www.dropbox.com/home/BUILD?preview=plugin.program.gabykodi.zip</datadir>

</dir>

</extension>

<extension library="startup.py" point="xbmc.service" start="startup"/>


-<extension point="xbmc.addon.metadata">

<summary lang="en">Wizard</summary>

<description lang="en">Testeando Build.</description>

<platform>all</platform>

<reuselanguageinvoker>false</reuselanguageinvoker>


-<assets>

<icon>icon.png</icon>

<fanart>fanart.jpg</fanart>

</assets>

</extension>

</addon>