<?xml version="1.0" encoding="UTF-8" standalone="yes"?>
<addon id="plugin.video.GabyKodi" name="KodiGaby" version="1.0.0" provider-name="Gabymartinez">
  <requires>
    <import addon="xbmc.python" version="2.1.0"/>
  </requires>
  <extension point="xbmc.python.pluginsource" library="default.py">
        <provides>video executable</provides>
  </extension>
  <extension point="xbmc.addon.metadata">
    <summary lang="es">GabyKodi</summary>
    <description lang="es">Twitch.tv/gabymartinez para conocer todas las builds</description>
	<website>http://SimpleKodi.com</website>
    <platform>all</platform>
  </extension>
</addon>
